link,price,stock,images,alt
Tipping the Velvet,46.83,In stock,../../../../media/cache/26/0c/260c6ae16bce31c8f8c95daddd9f4a1c.jpg,Tipping the Velvet
Forever and Forever: The ...,46.83,In stock,../../../../media/cache/d6/58/d658a1485b130ff26ca5fb0d5975ed2e.jpg,Forever and Forever: The Courtship of Henry Longfellow and Fanny Appleton
A Flight of Arrows ...,46.83,In stock,../../../../media/cache/82/96/8296f92b70fb1dafefecda92c1d51941.jpg,A Flight of Arrows (The Pathfinders #2)
The House by the ...,46.83,In stock,../../../../media/cache/0d/cb/0dcb33d60b0e79adf8ab9842e697ea2e.jpg,The House by the Lake
Mrs. Houdini,46.83,In stock,../../../../media/cache/0e/fe/0efe86960cdff718aed01a5c3f65b1c3.jpg,Mrs. Houdini
The Marriage of Opposites,46.83,In stock,../../../../media/cache/0f/c2/0fc21ec3489cb23116778ee84f425eca.jpg,The Marriage of Opposites
Glory over Everything: Beyond ...,46.83,In stock,../../../../media/cache/96/41/964194a317f8ce5ed031bf4c9ceb43ab.jpg,Glory over Everything: Beyond The Kitchen House
"Love, Lies and Spies",46.83,In stock,../../../../media/cache/7a/22/7a224a6e174af91950e9b124afe54e0e.jpg,"Love, Lies and Spies"
A Paris Apartment,46.83,In stock,../../../../media/cache/16/57/16575316618bd7e922d5b0e0f87de2ca.jpg,A Paris Apartment
Lilac Girls,46.83,In stock,../../../../media/cache/6c/2e/6c2e764e3ea89859b52df8de4f12af7a.jpg,Lilac Girls
The Constant Princess The ...,46.83,In stock,../../../../media/cache/fc/80/fc80b999ff4b8ef24b7071f62d2bf6d1.jpg,The Constant Princess (The Tudor Court #1)
The Invention of Wings,46.83,In stock,../../../../media/cache/62/fa/62fa1e72f06f05762db5d9cedf654153.jpg,The Invention of Wings
World Without End The ...,46.83,In stock,../../../../media/cache/be/7c/be7ce6fbc9a8e1a5a5b5c32e73cfd78a.jpg,World Without End (The Pillars of the Earth #2)
The Passion of Dolssa,46.83,In stock,../../../../media/cache/6b/82/6b822681c4035131560d40dd3b5a6a2e.jpg,The Passion of Dolssa
Girl With a Pearl ...,46.83,In stock,../../../../media/cache/b7/ad/b7ad37d93d8401c84d7325aa645ff6d5.jpg,Girl With a Pearl Earring
Voyager (Outlander #3),46.83,In stock,../../../../media/cache/b5/d8/b5d813da01f2ccd7bcfe34e2b875e752.jpg,Voyager (Outlander #3)
The Red Tent,46.83,In stock,../../../../media/cache/b2/8f/b28f211e50e74445ca071d4279d1080d.jpg,The Red Tent
The Last Painting of ...,46.83,In stock,../../../../media/cache/bf/fd/bffd473ab232c5f35e8c81bb927f1624.jpg,The Last Painting of Sara de Vos
The Guernsey Literary and ...,46.83,In stock,../../../../media/cache/18/f7/18f7bf6366cd7a8b947fd790d808047b.jpg,The Guernsey Literary and Potato Peel Pie Society
Girl in the Blue ...,46.83,In stock,../../../../media/cache/bf/7a/bf7a5bc1d1ebac5e9b6fbb147828a123.jpg,Girl in the Blue Coat
